,id,key,categories
2003 invasion of Iraq,201936,2003 invasion of Iraq,['Politics and economics']
Abortion,765,Abortion,"['Politics and economics', 'Science, biology, and health', 'Sex, sexuality, and gender identity']"
Affirmative action,49392,Affirmative action,['Politics and economics']
African National Congress,2503,African National Congress,['Politics and economics']
Alberta separatism,2040033,Alberta separatism,['Politics and economics']
American Civil Liberties Union,1950,American Civil Liberties Union,['Politics and economics']
American Hunters and Shooters Association,5315944,American Hunters and Shooters Association,['Politics and economics']
History of the Jews in the United States,210728,History of the Jews in the United States,['Politics and economics']
American Jews,1131183,American Jews,['Politics and economics']
Anarchism,12,Anarchism,['Politics and economics']
Anarcho-capitalism,1023,Anarcho-capitalism,['Politics and economics']
Anti-Americanism,283205,Anti-Americanism,['Politics and economics']
Anti-clericalism,571440,Anti-clericalism,"['Politics and economics', 'Religion']"
Anti-Irish racism,6445961,Anti-Irish racism,['Politics and economics']
Anti-semitism,1078,Anti-semitism,"['Politics and economics', 'Religion']"
Asian American,148898,Asian American,['Politics and economics']
Atheism,15247542,Atheism,"['Politics and economics', 'Religion']"
Austrian School,1030,Austrian School,['Politics and economics']
Bashar Assad,364813,Bashar Assad,['Politics and economics']
Syrian civil war,30741795,Syrian civil war,['Politics and economics']
Black Lives Matter,44751865,Black Lives Matter,['Politics and economics']
Black supremacy,65426,Black supremacy,['Politics and economics']
Boricua Popular Army,186319,Boricua Popular Army,['Politics and economics']
Brexit,41688778,Brexit,['Politics and economics']
British National Party,4294,British National Party,['Politics and economics']
Capitalism,5416,Capitalism,['Politics and economics']
Capital punishment,5902,Capital punishment,['Politics and economics']
Catalonia,6822,Catalonia,['Politics and economics']
CBC News,1029495,CBC News,['Politics and economics']
Centrelink,962169,Centrelink,['Politics and economics']
Cherokee,50490,Cherokee,['Politics and economics']
China,5405,China,"['Politics and economics', 'History']"
East Turkestan Independence Movement,2150897,East Turkestan Independence Movement,['Politics and economics']
Tibetan independence movement,819497,Tibetan independence movement,['Politics and economics']
Human rights in China,217487,Human rights in China,['Politics and economics']
Chinese intelligence activity abroad,2440214,Chinese intelligence activity abroad,['Politics and economics']
Christian right,63317,Christian right,"['Politics and economics', 'Religion']"
Plame affair,2266653,Plame affair,['Politics and economics']
Plame affair timeline,2252913,Plame affair timeline,['Politics and economics']
Communism,9209651,Communism,"['Politics and economics', 'History']"
Communist Party of China,7175,Communist Party of China,['Politics and economics']
Communist government,215623,Communist government,['Politics and economics']
Communist state,215623,Communist state,['Politics and economics']
CNN,62028,CNN,"['Politics and economics', 'Media and culture']"
Conservatism in the United States,2298740,Conservatism in the United States,['Politics and economics']
Copyright,5278,Copyright,['Politics and economics']
Free software,10635,Free software,['Politics and economics']
Viral license,7890222546961570307,Viral license,['Politics and economics']
Copyright infringement of software,18948365,Copyright infringement of software,['Politics and economics']
DMCA,20648089,DMCA,['Politics and economics']
Sonny Bono Copyright Term Extension Act,18932365,Sonny Bono Copyright Term Extension Act,['Politics and economics']
Inducement Devolves into Unlawful Child Exploitation Act of 2004,53984289,Inducement Devolves into Unlawful Child Exploitation Act of 2004,['Politics and economics']
Corsica,5714828,Corsica,['Politics and economics']
Crime in the United States,7172656,Crime in the United States,['Politics and economics']
Criticism of Walmart,1046514,Criticism of Walmart,['Politics and economics']
Cuba,5042481,Cuba,['Politics and economics']
Culture war,181322,Culture war,['Politics and economics']
Cyprus,5593,Cyprus,['Politics and economics']
Cyprus dispute,183570,Cyprus dispute,"['Politics and economics', 'History']"
Deaf culture in the United States,9442699,Deaf culture in the United States,['Politics and economics']
Ethnic group,105004,Ethnic group,['Politics and economics']
Demographics of Europe,1558354,Demographics of Europe,['Politics and economics']
Demographics of the United States,70197,Demographics of the United States,['Politics and economics']
Domestic violence,18978563,Domestic violence,['Politics and economics']
Detroit,8687,Detroit,['Politics and economics']
Economy of Japan,15578,Economy of Japan,['Politics and economics']
European Union,9317,European Union,['Politics and economics']
Fascism,11054,Fascism,"['Politics and economics', 'People']"
Federal Deposit Insurance Corporation,164394,Federal Deposit Insurance Corporation,['Politics and economics']
Federal Marriage Amendment,144896,Federal Marriage Amendment,['Politics and economics']
Feminism,11185,Feminism,"['Politics and economics', 'History', 'Religion']"
Fox News,11121,Fox News,['Politics and economics']
Fractional reserve banking,415961,Fractional reserve banking,['Politics and economics']
Free trade,59212,Free trade,['Politics and economics']
Freedom fighter,83933,Freedom fighter,['Politics and economics']
Gay rights,924166,Gay rights,"['Politics and economics', 'Sex, sexuality, and gender identity']"
LGBT rights,924166,LGBT rights,"['Politics and economics', 'Sex, sexuality, and gender identity']"
Genocide denial,106402,Genocide denial,['Politics and economics']
Gentrification,41940,Gentrification,['Politics and economics']
Gun control,44276,Gun control,['Politics and economics']
Gun politics,12686,Gun politics,['Politics and economics']
Hamas,13913,Hamas,['Politics and economics']
Harry's Place,4748957,Harry's Place,['Politics and economics']
Hate crime,13547,Hate crime,"['Politics and economics', 'Languages']"
Health care reform in the United States,16463132,Health care reform in the United States,['Politics and economics']
Health Services Union expenses affair,35751103,Health Services Union expenses affair,['Politics and economics']
Hezbollah,13919,Hezbollah,['Politics and economics']
Hispanics,56120,Hispanics,['Politics and economics']
Latinos,1007667,Latinos,"['Politics and economics', 'History']"
Adolf Hitler,2731583,Adolf Hitler,"['Politics and economics', 'People']"
Holodomor,1007688,Holodomor,['Politics and economics']
Human overpopulation,4599275,Human overpopulation,['Politics and economics']
Immigration,4599312,Immigration,['Politics and economics']
Immigration reform,55260161,Immigration reform,['Politics and economics']
Immigration reform in the United States,1580293,Immigration reform in the United States,['Politics and economics']
Immigration reform in the United Kingdom,55260247,Immigration reform in the United Kingdom,['Politics and economics']
Insurance,15176,Insurance,['Politics and economics']
Ireland,147575,Ireland,"['Politics and economics', 'History']"
Irish people,775859,Irish people,['Politics and economics']
Israel,9282173,Israel,['Politics and economics']
History of Israel,13808,History of Israel,['Politics and economics']
Italian American,125320,Italian American,"['Politics and economics', 'People']"
Anti-Italianism,2197030,Anti-Italianism,['Politics and economics']
Japan,15573,Japan,"['Politics and economics', 'People']"
Jewish Americans,1131183,Jewish Americans,['Politics and economics']
Kashmir,17337,Kashmir,['Politics and economics']
Killing of Harambe,6975043,Killing of Harambe,['Politics and economics']
Korean War,16772,Korean War,"['Politics and economics', 'History']"
Kosovo,17391,Kosovo,['Politics and economics']
Louisiana,18130,Louisiana,['Politics and economics']
Chicago,6886,Chicago,['Politics and economics']
New Jersey,21648,New Jersey,"['Politics and economics', 'People']"
Lebanon,17771,Lebanon,['Politics and economics']
Liberalism in the United States,8939450,Liberalism in the United States,['Politics and economics']
Libertarianism,3225498,Libertarianism,['Politics and economics']
Macedonia,841673,Macedonia,['Politics and economics']
Republic of Macedonia,23564616,Republic of Macedonia,['Politics and economics']
Macedonian Slavs,432709,Macedonian Slavs,['Politics and economics']
Moldavia,46007,Moldavia,['Politics and economics']
Moldovans,2232012,Moldovans,['Politics and economics']
Masculism,25454239,Masculism,['Politics and economics']
Men's Rights,361024,Men's Rights,['Politics and economics']
Mexico,3966054,Mexico,"['Politics and economics', 'History']"
Morality,43254,Morality,['Politics and economics']
Ethics,9258,Ethics,['Politics and economics']
Multiculturalism,51885,Multiculturalism,"['Politics and economics', 'Media and culture']"
Muslim Brotherhood,20742,Muslim Brotherhood,['Politics and economics']
NATO,21133,NATO,['Politics and economics']
National Democratic Party of Germany,424675,National Democratic Party of Germany,['Politics and economics']
Bombing of Dresden,64692,Bombing of Dresden,['Politics and economics']
Native American name controversy,2579018,Native American name controversy,['Politics and economics']
National-anarchism,2307316,National-anarchism,['Politics and economics']
National Rifle Association,70101,National Rifle Association,['Politics and economics']
Nazi Germany,21212,Nazi Germany,['Politics and economics']
Neoconservatism,216531,Neoconservatism,['Politics and economics']
Neoliberalism,93088,Neoliberalism,['Politics and economics']
North Korea,21255,North Korea,['Politics and economics']
North Korea and weapons of mass destruction,106424,North Korea and weapons of mass destruction,['Politics and economics']
Politics of North Korea,21259,Politics of North Korea,['Politics and economics']
Northern Ireland,21265,Northern Ireland,['Politics and economics']
Occupy Wall Street,33121168,Occupy Wall Street,['Politics and economics']
Occupy movement,33381607,Occupy movement,['Politics and economics']
Osama bin Laden,22468,Osama bin Laden,['Politics and economics']
Al-Qaeda,1921,Al-Qaeda,['Politics and economics']
Open borders,17373971,Open borders,['Politics and economics']
Pakkoruotsi,205789,Pakkoruotsi,['Politics and economics']
State of Palestine,241405,State of Palestine,['Politics and economics']
Palestine Liberation Organization,24324,Palestine Liberation Organization,['Politics and economics']
Park51,27540718,Park51,['Politics and economics']
World Trade Center site,-4122347974589839968,World Trade Center site,['Politics and economics']
Patriotism,24552,Patriotism,['Politics and economics']
PEGIDA,44647390,PEGIDA,['Politics and economics']
People for the Ethical Treatment of Animals,60857,People for the Ethical Treatment of Animals,['Politics and economics']
Pioneer Fund,771182,Pioneer Fund,['Politics and economics']
Polish people,275297,Polish people,['Politics and economics']
Anti-Polish sentiment,1429917,Anti-Polish sentiment,['Politics and economics']
Political correctness,23213,Political correctness,"['Politics and economics', 'Media and culture']"
Political parties,23996,Political parties,['Politics and economics']
Post-racial America,27620742,Post-racial America,['Politics and economics']
Poverty,64959,Poverty,['Politics and economics']
Public education,471603,Public education,"['Politics and economics', 'Law and order']"
Puerto Ricans in the United States,6729144,Puerto Ricans in the United States,['Politics and economics']
Quebec,7954867,Quebec,"['Politics and economics', 'Languages']"
Canada,5042916,Canada,['Politics and economics']
Race relations,30862662,Race relations,['Politics and economics']
Racial quota,49444,Racial quota,['Politics and economics']
Ethnicity,105004,Ethnicity,"['Politics and economics', 'History']"
Demographics of Chile,67363,Demographics of Chile,['Politics and economics']
Racism,25613,Racism,"['Politics and economics', 'People']"
Right-wing populism,8354382,Right-wing populism,['Politics and economics']
Recession,25382,Recession,['Politics and economics']
Russian interference in the 2016 United States elections,52547512,Russian interference in the 2016 United States elections,['Politics and economics']
Salvador Allende,51487,Salvador Allende,['Politics and economics']
Same-sex marriage,92656,Same-sex marriage,['Politics and economics']
Saskatchewan Party,338065,Saskatchewan Party,['Politics and economics']
Saudi Arabia,349303,Saudi Arabia,['Politics and economics']
Sharia,28840,Sharia,"['Politics and economics', 'Religion']"
Laura Schlessinger,277395,Laura Schlessinger,"['Politics and economics', 'People']"
School violence,1737582,School violence,['Politics and economics']
Seamus incident,34495117,Seamus incident,['Politics and economics']
Republika Srpska,347422,Republika Srpska,['Politics and economics']
Republic of Serbian Krajina,526399,Republic of Serbian Krajina,['Politics and economics']
Sedition,324091,Sedition,['Politics and economics']
Separatism,286527,Separatism,['Politics and economics']
September 11 attacks,5058690,September 11 attacks,['Politics and economics']
Sexual harassment,236331,Sexual harassment,['Politics and economics']
Ariel Sharon,2944,Ariel Sharon,['Politics and economics']
Silesia,28399,Silesia,"['Politics and economics', 'History']"
Social Credit System,48915162,Social Credit System,['Politics and economics']
Social Issues,2345894,Social Issues,['Politics and economics']
Socialism,26847,Socialism,['Politics and economics']
Southeastern United States,816925,Southeastern United States,['Politics and economics']
Southern United States,179553,Southern United States,['Politics and economics']
Texas,29810,Texas,['Politics and economics']
Southern Poverty Law Center,27164,Southern Poverty Law Center,['Politics and economics']
Spain,26667,Spain,['Politics and economics']
Sudan,27421,Sudan,['Politics and economics']
South Sudan,32350676,South Sudan,['Politics and economics']
Darfur,605837,Darfur,['Politics and economics']
Banking,19360669,Banking,['Politics and economics']
Switzerland,26748,Switzerland,"['Politics and economics', 'People']"
Synarchism,666601,Synarchism,['Politics and economics']
Syrian Social Nationalist Party,1337691,Syrian Social Nationalist Party,['Politics and economics']
Tea Party movement,22754875,Tea Party movement,['Politics and economics']
Tea Party protests,21898839,Tea Party protests,['Politics and economics']
Taiwan,25734,Taiwan,['Politics and economics']
Taliban,30635,Taliban,['Politics and economics']
Terrorism,30636,Terrorism,['Politics and economics']
Terrorist groups,63578,Terrorist groups,['Politics and economics']
Tibet,31516,Tibet,['Politics and economics']
Tobin tax,31175,Tobin tax,['Politics and economics']
Torture,47702,Torture,['Politics and economics']
Medical torture,1028044,Medical torture,"['Politics and economics', 'Science, biology, and health']"
Universal health care,570661,Universal health care,['Politics and economics']
United Nations,31769,United Nations,['Politics and economics']
USA PATRIOT Act,32191,USA PATRIOT Act,['Politics and economics']
Patriot Act,32191,Patriot Act,['Politics and economics']
United States,3434750,United States,['Politics and economics']
War on Terror,2524077193099838485,War on Terror,['Politics and economics']
Valencian people,8757341091537181978,Valencian people,['Politics and economics']
Valencianism,-7650887941962953109,Valencianism,['Politics and economics']
Catalan people,2450993,Catalan people,['Politics and economics']
Catalan nationalism,425757,Catalan nationalism,['Politics and economics']
Valencian language,4331324442870918006,Valencian language,['Politics and economics']
Catalan language,5282,Catalan language,['Politics and economics']
Vector Marketing,-1509648272206981454,Vector Marketing,['Politics and economics']
War on Drugs,6449360704846618408,War on Drugs,['Politics and economics']
Wells Fargo,5447999022009034288,Wells Fargo,['Politics and economics']
Wells Fargo account fraud scandal,-6344650000758484567,Wells Fargo account fraud scandal,['Politics and economics']
Western civilization,2062259135498639294,Western civilization,['Politics and economics']
White American,6932415931315068549,White American,['Politics and economics']
White Anglo-Saxon Protestant,482627922332233492,White Anglo-Saxon Protestant,['Politics and economics']
Wiretapping,-5162103529808344829,Wiretapping,['Politics and economics']
Paul Wolfowitz,192005,Paul Wolfowitz,['Politics and economics']
Womyn,5416205016603146011,Womyn,['Politics and economics']
Women,-1671113085118081995,Women,"['Politics and economics', 'Sex, sexuality, and gender identity', 'Media and culture']"
Xinjiang,-3222778233071621189,Xinjiang,['Politics and economics']
Sinkiang,25862547,Sinkiang,['Politics and economics']
Xinjiang re-education camps,-2973564318433799579,Xinjiang re-education camps,['Politics and economics']
Yugoslavia,4115133667871793908,Yugoslavia,['Politics and economics']
Zaire,8171424232305210191,Zaire,['Politics and economics']
Democratic Republic of the Congo,76762,Democratic Republic of the Congo,['Politics and economics']
Zimbabwe,-429062850920274997,Zimbabwe,['Politics and economics']
2011 Tōhoku earthquake and tsunami,31150160,2011 Tōhoku earthquake and tsunami,"['History', 'Environment']"
1953 Iranian coup d'état,415767,1953 Iranian coup d'état,['History']
1963 South Vietnamese coup,12232585,1963 South Vietnamese coup,['History']
1973 coup in Chile,684813,1973 coup in Chile,['History']
1992 Los Angeles riots,1553191,1992 Los Angeles riots,['History']
September 11 terrorist attacks,5058690,September 11 terrorist attacks,['History']
American Airlines Flight 77,1902,American Airlines Flight 77,['History']
American Revolution,1973,American Revolution,['History']
Apartheid,2200527,Apartheid,['History']
Apollo Moon landing hoax accusations,80740,Apollo Moon landing hoax accusations,['History']
Armenian Genocide,140376,Armenian Genocide,['History']
Aryan invasion theory,2510506,Aryan invasion theory,['History']
Atomic bombings of Hiroshima and Nagasaki,11778948,Atomic bombings of Hiroshima and Nagasaki,['History']
Battle of Cuito Cuanavale,3205662,Battle of Cuito Cuanavale,['History']
Berlin Wall,3722,Berlin Wall,['History']
Biafra,44431,Biafra,['History']
Black Power,20648200,Black Power,['History']
Bosnia and Herzegovina,3463,Bosnia and Herzegovina,['History']
Bromberg Bloody Sunday,73887,Bromberg Bloody Sunday,['History']
Cambodian genocide,40668394,Cambodian genocide,['History']
Centre Party Germany,320023,Centre Party Germany,['History']
Chicano nationalism,5465786,Chicano nationalism,['History']
Mexican American,220841,Mexican American,['History']
Coandă-1910,191704,Coandă-1910,['History']
Cold War,325329,Cold War,['History']
Cuban Missile Crisis,6827,Cuban Missile Crisis,['History']
Confederate States of America,7023,Confederate States of America,['History']
Jim Crow laws,19481110,Jim Crow laws,['History']
Racial segregation,26316,Racial segregation,['History']
Constitutional law,5919,Constitutional law,['History']
Crusades,4412145,Crusades,['History']
D-Day,252854,D-Day,['History']
France,5843419,France,['History']
East Germany,13058,East Germany,"['History', 'People']"
German Democratic Republic,13058,German Democratic Republic,['History']
Politics of Egypt,9350,Politics of Egypt,['History']
Falkland Islands,7550182,Falkland Islands,['History']
French Revolution,11188,French Revolution,['History']
The Great Purge,137840,The Great Purge,"['History', 'People']"
Genocide,12441,Genocide,['History']
Great Depression,19283335,Great Depression,['History']
Green Revolution,72727,Green Revolution,['History']
Heimatvertriebene,402030,Heimatvertriebene,['History']
Iran hostage crisis,243433,Iran hostage crisis,['History']
Irish Potato Famine,14726,Irish Potato Famine,['History']
Irredentism,15226,Irredentism,['History']
Italy,14532,Italy,['History']
Japanese American internment,46884,Japanese American internment,['History']
Jesus Christ,1095706,Jesus Christ,['History']
Jews,25955086,Jews,['History']
Ukraine,31750,Ukraine,['History']
Poland,22936,Poland,['History']
Antisemitism,1078,Antisemitism,"['History', 'People', 'People']"
Kennedy assassination,286369,Kennedy assassination,['History']
Kosovo War,16760,Kosovo War,['History']
Kurdish genocide,802340,Kurdish genocide,['History']
Kuril Islands,197615,Kuril Islands,['History']
Libyan civil war,44791215,Libyan civil war,['History']
Louisiana Purchase,17628,Louisiana Purchase,['History']
Majestic 12,170487,Majestic 12,['History']
Maoism,46636,Maoism,['History']
Marijuana,1481886,Marijuana,['History']
Legality of cannabis,168917,Legality of cannabis,['History']
History of Mexican Americans,1560218,History of Mexican Americans,['History']
Middle Ages,18836,Middle Ages,['History']
Native Americans in the United States,21217,Native Americans in the United States,"['History', 'People']"
Nazism,31045316,Nazism,['History']
Nordic race,1631652,Nordic race,['History']
Aryan race,42277,Aryan race,['History']
White race,-2913618848352280753,White race,['History']
Okinawa,22477,Okinawa,['History']
Operation Wetback,1026559,Operation Wetback,['History']
Other Losses,65975,Other Losses,['History']
Panama Canal,24849,Panama Canal,['History']
Panama Canal Zone,315787,Panama Canal Zone,['History']
Philippines,23440,Philippines,['History']
Piprahwa,3727944,Piprahwa,['History']
Pope Pius XII and the Holocaust,23475335,Pope Pius XII and the Holocaust,['History']
Prohibition,24856,Prohibition,['History']
Prussia,371248,Prussia,['History']
Puerto Rico,23041,Puerto Rico,['History']
Quebec sovereignty movement,319505,Quebec sovereignty movement,['History']
Political radicalism,15611519,Political radicalism,['History']
Rape during the occupation of Germany,25854438,Rape during the occupation of Germany,['History']
Roswell UFO incident,376985,Roswell UFO incident,['History']
Sanhedrin,165404,Sanhedrin,['History']
Scientology,13118744,Scientology,"['History', 'Religion', 'People']"
Slavery,27992,Slavery,['History']
Soviet republics,26950,Soviet republics,['History']
Soviet Russia,24795561,Soviet Russia,['History']
Soviet Union,26779,Soviet Union,['History']
Soviet war crimes,4751135,Soviet war crimes,['History']
Spanish Civil War,18842471,Spanish Civil War,['History']
Spanish Inquisition,5980301,Spanish Inquisition,['History']
Stem cell research,27783,Stem cell research,"['History', 'Science, biology, and health']"
Texas Revolution,38711,Texas Revolution,['History']
Battle of the Alamo,501984,Battle of the Alamo,['History']
Tiananmen Square protests of 1989,44534,Tiananmen Square protests of 1989,['History']
Trail of Tears,71973,Trail of Tears,"['History', 'People']"
TWA Flight 800,30658,TWA Flight 800,['History']
Hispanic,56120,Hispanic,['History']
War of 1812,3472943688338508953,War of 1812,['History']
Unidentified flying object,31814,Unidentified flying object,['History']
UFOs,31814,UFOs,['History']
Ustaše,-8943033223842739676,Ustaše,['History']
Vietnam War,6424235414494787923,Vietnam War,['History']
Warsaw Pact,4591227309024191104,Warsaw Pact,['History']
Watergate scandal,-201464694891400487,Watergate scandal,"['History', 'People']"
White supremacy,-431319253956142619,White supremacy,['History']
Women's rights,324464016071055535,Women's rights,['History']
World War I,888501739004840519,World War I,['History']
World War II,8944675397741368324,World War II,['History']
2012,47374,2012,['Religion']
2012 phenomenon,21538638,2012 phenomenon,['Religion']
Mesoamerican Long Count calendar,9530099,Mesoamerican Long Count calendar,['Religion']
Adventism,2343,Adventism,['Religion']
Agnosticism,894,Agnosticism,['Religion']
American Family Association,521057,American Family Association,['Religion']
Answers in Genesis,700568,Answers in Genesis,"['Religion', 'Science, biology, and health', 'People']"
Anti-Muslim violence in India,42762068,Anti-Muslim violence in India,['Religion']
Apollo Quiboloy,37873196,Apollo Quiboloy,['Religion']
Baptist,3979,Baptist,['Religion']
Biblical literalism,2100861,Biblical literalism,['Religion']
Book of Enoch,392807,Book of Enoch,['Religion']
Born-Again,4950,Born-Again,['Religion']
Buddhism,3267529,Buddhism,['Religion']
Catholicism,606848,Catholicism,['Religion']
Christian Coalition of America,196570,Christian Coalition of America,['Religion']
Christian Science,125309,Christian Science,['Religion']
Christianity,5211,Christianity,['Religion']
Christophobia,56475887,Christophobia,['Religion']
Conservative Judaism,6623,Conservative Judaism,['Religion']
Criticism of Conservative Judaism,8931878,Criticism of Conservative Judaism,['Religion']
Creationism,5326,Creationism,['Religion']
Cult,1008588,Cult,['Religion']
Deism,8582,Deism,['Religion']
Dhimmi,9090,Dhimmi,['Religion']
Divorce,40147,Divorce,['Religion']
Dorje Shugden,1643647,Dorje Shugden,['Religion']
Dorje Shugden controversy,1635659,Dorje Shugden controversy,['Religion']
Druze,8632,Druze,['Religion']
Eastern Orthodoxy,1834723,Eastern Orthodoxy,['Religion']
Eckankar,380782,Eckankar,['Religion']
Evangelicalism,10370,Evangelicalism,['Religion']
Falun Gong,55174,Falun Gong,['Religion']
Fundamentalism,11582,Fundamentalism,['Religion']
Gay Marriage,92656,Gay Marriage,['Religion']
Gnosticism and the New Testament,12471,Gnosticism and the New Testament,['Religion']
God,5042765,God,['Religion']
Gospel for Asia,2282040,Gospel for Asia,['Religion']
Guru,167936,Guru,['Religion']
Hare Krishna,30460321,Hare Krishna,['Religion']
Hate group,437067,Hate group,['Religion']
Historicity of Jesus,364326,Historicity of Jesus,['Religion']
Homosexuality,5488304,Homosexuality,"['Religion', 'Sex, sexuality, and gender identity']"
Iglesia ni Cristo,288343,Iglesia ni Cristo,['Religion']
Islamophobia,162173,Islamophobia,['Religion']
Islam,6037917,Islam,['Religion']
Jainism,16016,Jainism,['Religion']
Jehovah's Witnesses,52547,Jehovah's Witnesses,['Religion']
Jesus Freaks,983366,Jesus Freaks,['Religion']
Judas Iscariot,59172,Judas Iscariot,['Religion']
Kabbalah,16905,Kabbalah,['Religion']
Kashrut,16881,Kashrut,['Religion']
Kosher,16881,Kosher,['Religion']
Kokuchūkai,41586875,Kokuchūkai,['Religion']
Ku Klux Klan,16779,Ku Klux Klan,['Religion']
Last Supper,30667,Last Supper,['Religion']
Liberalism,19280734,Liberalism,['Religion']
Liturgy,86364,Liturgy,['Religion']
Lutheranism,23371382,Lutheranism,['Religion']
Makkah,21021,Makkah,['Religion']
Mecca,21021,Mecca,['Religion']
Menachem Mendel Schneerson,163056,Menachem Mendel Schneerson,['Religion']
Mennonite,20798,Mennonite,['Religion']
Amish,19346935,Amish,['Religion']
Modernism,19547,Modernism,['Religion']
Mormonism,21023,Mormonism,"['Religion', 'People']"
Latter Day Saint movement,420883,Latter Day Saint movement,"['Religion', 'People']"
Neocatechumenal Way,2510105,Neocatechumenal Way,['Religion']
New Age,21742,New Age,['Religion']
New Kadampa Tradition,2184535,New Kadampa Tradition,['Religion']
Nondenominational,2570425,Nondenominational,['Religion']
Ole Nydahl,643015,Ole Nydahl,['Religion']
Diamond Way Buddhism,3020357,Diamond Way Buddhism,['Religion']
Opus Dei,100390,Opus Dei,['Religion']
Pacifism,24956,Pacifism,['Religion']
Paganism,23340,Paganism,['Religion']
Paul and Gnosticism,12471,Paul and Gnosticism,['Religion']
Pentecostalism,23555,Pentecostalism,['Religion']
Politics,22986,Politics,['Religion']
Prem Rawat,663540,Prem Rawat,['Religion']
Divine Light Mission,932915,Divine Light Mission,['Religion']
Project Chanology,15394859,Project Chanology,['Religion']
Protestant Reformation,37857,Protestant Reformation,['Religion']
Qu'ran,36922,Qu'ran,['Religion']
Reincarnation research,25806,Reincarnation research,['Religion']
Religious right,214822,Religious right,['Religion']
Religion and sexuality,43243,Religion and sexuality,['Religion']
Role of women in religion,5021773,Role of women in religion,['Religion']
Religious feminism,11587,Religious feminism,['Religion']
Separation of church and state,168714,Separation of church and state,['Religion']
Satanism,27706,Satanism,['Religion']
Sathya Sai Baba,144178,Sathya Sai Baba,['Religion']
Seventh-day Adventist Church,28632,Seventh-day Adventist Church,['Religion']
Sin,28307,Sin,['Religion']
Soka Gakkai,175811,Soka Gakkai,['Religion']
Sufism,28246,Sufism,['Religion']
Syncretism,29612,Syncretism,['Religion']
Taboo,61117,Taboo,['Religion']
Temple Mount,65719,Temple Mount,['Religion']
United Submitters International,47717515,United Submitters International,['Religion']
Qur'an alone,47717515,Qur'an alone,['Religion']
Rashad Khalifa,375137,Rashad Khalifa,['Religion']
Universal Life Church,61474256,Universal Life Church,['Religion']
Universalism,-8278306955815503567,Universalism,['Religion']
Westboro Baptist Church,-4710858691335603724,Westboro Baptist Church,['Religion']
AIDS,5069516,AIDS,"['Science, biology, and health', 'Science, biology, and health', 'Sex, sexuality, and gender identity', 'People']"
AIDS denialism,275051,AIDS denialism,"['Science, biology, and health', 'Sex, sexuality, and gender identity']"
Alcoholism,2965,Alcoholism,"['Science, biology, and health']"
Allergy,55313,Allergy,"['Science, biology, and health']"
Allopathic medicine,381552,Allopathic medicine,"['Science, biology, and health']"
Alzheimer's disease,18914017,Alzheimer's disease,"['Science, biology, and health']"
Alternative medicine,1845,Alternative medicine,"['Science, biology, and health']"
Anencephaly,232035,Anencephaly,"['Science, biology, and health']"
Anthropology,569,Anthropology,"['Science, biology, and health']"
Assisted suicide,162615,Assisted suicide,"['Science, biology, and health']"
Aspartame,2752,Aspartame,"['Science, biology, and health']"
Aspartame controversy,6821757,Aspartame controversy,"['Science, biology, and health']"
Asperger's syndrome,37556,Asperger's syndrome,"['Science, biology, and health']"
Autism,29113700,Autism,"['Science, biology, and health', 'People', 'People']"
Astrology,2122,Astrology,"['Science, biology, and health']"
Bates method,447382,Bates method,"['Science, biology, and health']"
Bioethics,191941,Bioethics,"['Science, biology, and health']"
Biology and sexual orientation,51614,Biology and sexual orientation,"['Science, biology, and health']"
Birth defect,321263,Birth defect,"['Science, biology, and health']"
Black hole information paradox,851008,Black hole information paradox,"['Science, biology, and health']"
Blood transfusion,88857,Blood transfusion,"['Science, biology, and health']"
Breast cancer,70547,Breast cancer,"['Science, biology, and health']"
Cancer,105219,Cancer,"['Science, biology, and health']"
Caesarean section,46924,Caesarean section,"['Science, biology, and health']"
Chakra,6907,Chakra,"['Science, biology, and health']"
Chiropractic,7738,Chiropractic,"['Science, biology, and health']"
Chromosome,6438,Chromosome,"['Science, biology, and health']"
Circumcision,8718425,Circumcision,"['Science, biology, and health', 'Sex, sexuality, and gender identity']"
Cloning,6910,Cloning,"['Science, biology, and health']"
Cochlear implant,241649,Cochlear implant,"['Science, biology, and health']"
Cold fusion,7463,Cold fusion,"['Science, biology, and health']"
Conjoined twins,95801,Conjoined twins,"['Science, biology, and health']"
COVID-19 pandemic,62750956,COVID-19 pandemic,"['Science, biology, and health']"
Cryonics,6760,Cryonics,"['Science, biology, and health']"
Creation science,7683,Creation science,"['Science, biology, and health']"
Depleted uranium,37514,Depleted uranium,"['Science, biology, and health']"
Clinical depression,8389,Clinical depression,"['Science, biology, and health']"
Disability,56285,Disability,"['Science, biology, and health']"
Drug,9311172,Drug,"['Science, biology, and health', 'People']"
Dyslexia,8305,Dyslexia,"['Science, biology, and health']"
Ebola,40817590,Ebola,"['Science, biology, and health']"
Albert Einstein,736,Albert Einstein,"['Science, biology, and health']"
Electrical sensitivity,4217297,Electrical sensitivity,"['Science, biology, and health']"
Elitism,14654024,Elitism,"['Science, biology, and health']"
Eugenics,9737,Eugenics,"['Science, biology, and health']"
Euthanasia,9587,Euthanasia,"['Science, biology, and health']"
Evolution,9236,Evolution,"['Science, biology, and health']"
Extraterrestrial Life,9588,Extraterrestrial Life,"['Science, biology, and health']"
Family planning,231085,Family planning,"['Science, biology, and health']"
Female genital mutilation,11408,Female genital mutilation,"['Science, biology, and health']"
Modern flat Earth beliefs,103123,Modern flat Earth beliefs,"['Science, biology, and health']"
Genetic engineering,12383,Genetic engineering,"['Science, biology, and health']"
Genetically modified food,216102,Genetically modified food,"['Science, biology, and health']"
Gender,38076,Gender,"['Science, biology, and health']"
Glyphosate,294295,Glyphosate,"['Science, biology, and health']"
Heredity,13457,Heredity,"['Science, biology, and health']"
Heritability of IQ,4868935,Heritability of IQ,"['Science, biology, and health']"
High Fructose Corn Syrup,2366752,High Fructose Corn Syrup,"['Science, biology, and health']"
HIV,14170,HIV,"['Science, biology, and health']"
HMO,59097,HMO,"['Science, biology, and health']"
Hodgkin's Disease,23713759,Hodgkin's Disease,"['Science, biology, and health']"
Homeopathy,14229,Homeopathy,"['Science, biology, and health']"
Human cloning,14094,Human cloning,"['Science, biology, and health']"
Human evolution,10326,Human evolution,"['Science, biology, and health']"
Longevity,196206,Longevity,"['Science, biology, and health']"
Huntington's disease,47878,Huntington's disease,"['Science, biology, and health']"
Influenza,19572217,Influenza,"['Science, biology, and health']"
Bird flu,442916,Bird flu,"['Science, biology, and health']"
Institute for Creation Research,1166630,Institute for Creation Research,"['Science, biology, and health']"
Intelligent design,15295,Intelligent design,"['Science, biology, and health']"
IQ and the Wealth of Nations,638066,IQ and the Wealth of Nations,"['Science, biology, and health']"
Jewish people,25955086,Jewish people,"['Science, biology, and health']"
Kombucha,264062,Kombucha,"['Science, biology, and health']"
Lactose intolerance,56873,Lactose intolerance,"['Science, biology, and health']"
Life extension,183290,Life extension,"['Science, biology, and health']"
Lupus,21009880,Lupus,"['Science, biology, and health']"
Master race,103695,Master race,"['Science, biology, and health']"
Menopause,49611,Menopause,"['Science, biology, and health']"
Mental disorder,19356,Mental disorder,"['Science, biology, and health']"
Mental retardation,18567040,Mental retardation,"['Science, biology, and health']"
Michio Kaku,348746,Michio Kaku,"['Science, biology, and health']"
Mind control,20948,Mind control,"['Science, biology, and health']"
MS,152635,MS,"['Science, biology, and health']"
CCSVI,24133117,CCSVI,"['Science, biology, and health']"
Mucoid plaque,1304321,Mucoid plaque,"['Science, biology, and health']"
Nutrition,21525,Nutrition,"['Science, biology, and health']"
Obesity,56435,Obesity,"['Science, biology, and health']"
Organ donor,43846,Organ donor,"['Science, biology, and health']"
Organ transplantation,167166,Organ transplantation,"['Science, biology, and health']"
Ovarian cancer,414192,Ovarian cancer,"['Science, biology, and health']"
Overpopulation,20041526,Overpopulation,"['Science, biology, and health', 'Environment']"
DNA paternity testing,235169,DNA paternity testing,"['Science, biology, and health']"
Pharmaceutical industry,560876,Pharmaceutical industry,"['Science, biology, and health']"
Pluto,44469,Pluto,"['Science, biology, and health']"
IAU definition of planet,6502961,IAU definition of planet,"['Science, biology, and health']"
Poppers,1704222,Poppers,"['Science, biology, and health']"
Alkyl nitrites,5297192,Alkyl nitrites,"['Science, biology, and health']"
Pregnancy,1771587,Pregnancy,"['Science, biology, and health']"
Premature birth,429542,Premature birth,"['Science, biology, and health']"
Prenatal care,169086,Prenatal care,"['Science, biology, and health']"
Psychiatry,18973869,Psychiatry,"['Science, biology, and health']"
Race and intelligence,26494,Race and intelligence,"['Science, biology, and health']"
Recapitulation theory,22424,Recapitulation theory,"['Science, biology, and health']"
Rh blood group system,5622894,Rh blood group system,"['Science, biology, and health']"
Blood type,55309,Blood type,"['Science, biology, and health']"
Romani people,26152,Romani people,"['Science, biology, and health']"
Schizophrenia,27790,Schizophrenia,"['Science, biology, and health']"
Self-harm,150374,Self-harm,"['Science, biology, and health']"
Sex differences in intelligence,43116037,Sex differences in intelligence,"['Science, biology, and health']"
Sex differences in psychology,1305554,Sex differences in psychology,"['Science, biology, and health']"
Sexually transmitted disease,19019270,Sexually transmitted disease,"['Science, biology, and health']"
Smoking,12254052,Smoking,"['Science, biology, and health']"
Tobacco,30942,Tobacco,"['Science, biology, and health']"
Smoking bans,386818,Smoking bans,"['Science, biology, and health']"
Speciesism,29045,Speciesism,"['Science, biology, and health']"
Sperm donor,21496026,Sperm donor,"['Science, biology, and health']"
Egg donor,1765384,Egg donor,"['Science, biology, and health']"
String theory,28305,String theory,"['Science, biology, and health']"
Testability,2691668,Testability,"['Science, biology, and health']"
Surrogate mother,1514981,Surrogate mother,"['Science, biology, and health']"
Nikola Tesla,21473,Nikola Tesla,"['Science, biology, and health', 'People']"
Test-tube babies,57880,Test-tube babies,"['Science, biology, and health']"
Therapeutic touch,528543,Therapeutic touch,"['Science, biology, and health']"
Thiomersal,221998,Thiomersal,"['Science, biology, and health']"
Transgender,19904525,Transgender,"['Science, biology, and health']"
Transsexualism,21694424,Transsexualism,"['Science, biology, and health']"
Transabled,298682,Transabled,"['Science, biology, and health']"
Twin paradox,31429,Twin paradox,"['Science, biology, and health']"
Universe,-1564981696214008679,Universe,"['Science, biology, and health']"
Big Bang,4116,Big Bang,"['Science, biology, and health']"
Warburg hypothesis,-4703739513417541329,Warburg hypothesis,"['Science, biology, and health']"
Vaccine controversies,7325825729328727116,Vaccine controversies,"['Science, biology, and health']"
Veganism,-3384948674007709622,Veganism,"['Science, biology, and health']"
Vegetarianism,4516939733898592415,Vegetarianism,"['Science, biology, and health']"
Vertebral subluxation,7970465138847362239,Vertebral subluxation,"['Science, biology, and health']"
69ing,167884,69ing,"['Sex, sexuality, and gender identity']"
Adultery,58809,Adultery,"['Sex, sexuality, and gender identity']"
Age of consent,1653,Age of consent,"['Sex, sexuality, and gender identity']"
Anal sex,2460,Anal sex,"['Sex, sexuality, and gender identity']"
Anti-LGBT,187923,Anti-LGBT,"['Sex, sexuality, and gender identity']"
Asian fetish,24548445,Asian fetish,"['Sex, sexuality, and gender identity']"
Racial fetishism,50227895,Racial fetishism,"['Sex, sexuality, and gender identity']"
Attraction to disability,5491859,Attraction to disability,"['Sex, sexuality, and gender identity']"
Abasiophilia,2047065,Abasiophilia,"['Sex, sexuality, and gender identity']"
Autoerotic Asphyxiation,1195328,Autoerotic Asphyxiation,"['Sex, sexuality, and gender identity']"
Autogynephilia,5612336,Autogynephilia,"['Sex, sexuality, and gender identity']"
BDSM,4545,BDSM,"['Sex, sexuality, and gender identity']"
Bestiality,14529239,Bestiality,"['Sex, sexuality, and gender identity']"
Biphobia,247171,Biphobia,"['Sex, sexuality, and gender identity']"
Bisexuality,21378368,Bisexuality,"['Sex, sexuality, and gender identity']"
Buggery,20780702,Buggery,"['Sex, sexuality, and gender identity']"
Buggery Act 1533,275195,Buggery Act 1533,"['Sex, sexuality, and gender identity']"
Child grooming,1651190,Child grooming,"['Sex, sexuality, and gender identity']"
Child pornography,25211885,Child pornography,"['Sex, sexuality, and gender identity']"
Child sexuality,250193,Child sexuality,"['Sex, sexuality, and gender identity']"
Chlamydia,7037,Chlamydia,"['Sex, sexuality, and gender identity']"
Conversion therapy,26410,Conversion therapy,"['Sex, sexuality, and gender identity']"
Legal status of drawn pornography depicting minors,21347867,Legal status of drawn pornography depicting minors,"['Sex, sexuality, and gender identity']"
Lolicon,419038,Lolicon,"['Sex, sexuality, and gender identity']"
Shotacon,80001,Shotacon,"['Sex, sexuality, and gender identity']"
Ejaculation,20611030,Ejaculation,"['Sex, sexuality, and gender identity']"
Fetishism,38193,Fetishism,"['Sex, sexuality, and gender identity']"
Fisting,60290,Fisting,"['Sex, sexuality, and gender identity']"
Fornication,43047687,Fornication,"['Sex, sexuality, and gender identity']"
G-Spot,88750,G-Spot,"['Sex, sexuality, and gender identity']"
Gay and Lesbian Kingdom of the Coral Sea Islands,1392381,Gay and Lesbian Kingdom of the Coral Sea Islands,"['Sex, sexuality, and gender identity']"
Genetic sexual attraction,550948,Genetic sexual attraction,"['Sex, sexuality, and gender identity']"
Genital modification and mutilation,67918,Genital modification and mutilation,"['Sex, sexuality, and gender identity']"
Gerontophilia,718108,Gerontophilia,"['Sex, sexuality, and gender identity']"
Golden shower,67972,Golden shower,"['Sex, sexuality, and gender identity']"
Hebephilia,336056,Hebephilia,"['Sex, sexuality, and gender identity']"
Hentai,14183,Hentai,"['Sex, sexuality, and gender identity']"
Heterophobia,5097395,Heterophobia,"['Sex, sexuality, and gender identity']"
Heterosexism,252622,Heterosexism,"['Sex, sexuality, and gender identity']"
Homophobia,5097395,Homophobia,"['Sex, sexuality, and gender identity', 'People']"
Incest,14912,Incest,"['Sex, sexuality, and gender identity']"
Internet pornography,21469584,Internet pornography,"['Sex, sexuality, and gender identity']"
Intersex rights,47275784,Intersex rights,"['Sex, sexuality, and gender identity']"
Lesbianism,17846,Lesbianism,"['Sex, sexuality, and gender identity']"
Lesbophobia,12650282,Lesbophobia,"['Sex, sexuality, and gender identity']"
Masturbation,11415141,Masturbation,"['Sex, sexuality, and gender identity']"
Necrophilia,14335296,Necrophilia,"['Sex, sexuality, and gender identity']"
Oral sex,2480306,Oral sex,"['Sex, sexuality, and gender identity']"
Orgasm,22546,Orgasm,"['Sex, sexuality, and gender identity']"
Paraphilia,23592,Paraphilia,"['Sex, sexuality, and gender identity']"
Pederasty,19629641,Pederasty,"['Sex, sexuality, and gender identity']"
Paedophilia,6341469,Paedophilia,"['Sex, sexuality, and gender identity']"
Polyamory,24591,Polyamory,"['Sex, sexuality, and gender identity']"
Polygamy,24475,Polygamy,"['Sex, sexuality, and gender identity']"
Pornhub,45492650,Pornhub,"['Sex, sexuality, and gender identity']"
Pornography,5710507,Pornography,"['Sex, sexuality, and gender identity']"
Pregnancy fetishism,1630282,Pregnancy fetishism,"['Sex, sexuality, and gender identity']"
Prostitution,15157915,Prostitution,"['Sex, sexuality, and gender identity']"
Rape,7980471,Rape,"['Sex, sexuality, and gender identity']"
Sadomasochism,206365,Sadomasochism,"['Sex, sexuality, and gender identity']"
Safe Schools Coalition Australia,49431746,Safe Schools Coalition Australia,"['Sex, sexuality, and gender identity']"
Safe sex,28845,Safe sex,"['Sex, sexuality, and gender identity']"
Semen,18842168,Semen,"['Sex, sexuality, and gender identity']"
Sex offender,2957039,Sex offender,"['Sex, sexuality, and gender identity']"
Sexual abuse,7397019,Sexual abuse,"['Sex, sexuality, and gender identity']"
Sexual acts,14337,Sexual acts,"['Sex, sexuality, and gender identity']"
Sexuality of Abraham Lincoln,1316116,Sexuality of Abraham Lincoln,"['Sex, sexuality, and gender identity']"
Sexuality of Adolf Hitler,13941408,Sexuality of Adolf Hitler,"['Sex, sexuality, and gender identity']"
Sexually transmitted diseases,19019270,Sexually transmitted diseases,"['Sex, sexuality, and gender identity']"
Stalking,25272420,Stalking,"['Sex, sexuality, and gender identity']"
Suicide among LGBT youth,24083495,Suicide among LGBT youth,"['Sex, sexuality, and gender identity']"
Surrogacy,1514981,Surrogacy,"['Sex, sexuality, and gender identity']"
Transgender rights,18330,Transgender rights,"['Sex, sexuality, and gender identity']"
Transphobia,67084,Transphobia,"['Sex, sexuality, and gender identity']"
Transsexuality,21694424,Transsexuality,"['Sex, sexuality, and gender identity']"
Australian Classification Board,27253909,Australian Classification Board,"['Sex, sexuality, and gender identity']"
Xenogender,390741293474004043,Xenogender,"['Sex, sexuality, and gender identity']"
Zoophilia,3472549371694460942,Zoophilia,"['Sex, sexuality, and gender identity']"
Bullfighting,23278125,Bullfighting,['Entertainment']
Bumfights,682722,Bumfights,['Entertainment']
Disc jockey,8683,Disc jockey,['Entertainment']
Duke Nukem Forever,143840,Duke Nukem Forever,['Entertainment']
Development hell,310331,Development hell,['Entertainment']
Entertainment Software Rating Board,169836,Entertainment Software Rating Board,['Entertainment']
Gambling,11921,Gambling,"['Entertainment', 'People']"
Gamergate controversy,43758363,Gamergate controversy,"['Entertainment', 'Media and culture']"
Hip hop culture,2632114,Hip hop culture,['Entertainment']
Hip hop music,18945847,Hip hop music,['Entertainment']
Rapping,25421,Rapping,['Entertainment']
Rap music,18945847,Rap music,['Entertainment']
JBL,1181612,JBL,['Entertainment']
List of best-selling albums,3329753,List of best-selling albums,['Entertainment']
MPAA film rating system,75890,MPAA film rating system,['Entertainment']
Playboy Magazine,23221,Playboy Magazine,['Entertainment']
Pop punk,199630,Pop punk,['Entertainment']
Pornographic magazine,1328272,Pornographic magazine,['Entertainment']
Hustler,840593,Hustler,['Entertainment']
Psytrance,147707,Psytrance,['Entertainment']
SeaWorld,418732,SeaWorld,['Entertainment']
Smooth jazz,743769,Smooth jazz,"['Entertainment', 'Media and culture']"
Strip club,1380550,Strip club,['Entertainment']
Video game controversies,-6081211811804347862,Video game controversies,['Entertainment']
Westfield,9137577127945335925,Westfield,['Entertainment']
World Star Hip Hop,-2378479989666403499,World Star Hip Hop,['Entertainment']
Hurricane Katrina,2569378,Hurricane Katrina,['Environment']
New Orleans,53842,New Orleans,['Environment']
Adlay,2052205,Adlay,['Environment']
Chernobyl,6100,Chernobyl,['Environment']
Deepwater Horizon,12686162,Deepwater Horizon,['Environment']
Deforestation,8103,Deforestation,['Environment']
Logging,68110,Logging,['Environment']
Dust Bowl,59749,Dust Bowl,['Environment']
Intensive farming,152772,Intensive farming,['Environment']
Ecofascism,2945164,Ecofascism,['Environment']
Eco-terrorism,303522,Eco-terrorism,['Environment']
Environmental impact of hydraulic fracturing,35494376,Environmental impact of hydraulic fracturing,['Environment']
Environmental vegetarianism,2858505,Environmental vegetarianism,['Environment']
Fossil fuel,48146,Fossil fuel,['Environment']
Air pollution,10934212,Air pollution,['Environment']
Greenhouse gas,21350772,Greenhouse gas,['Environment']
Natural gas,22131,Natural gas,"['Environment', 'Environment']"
Coal,5987,Coal,['Environment']
Coal mining,208413,Coal mining,['Environment']
Petrol,23639,Petrol,['Environment']
Oil spill,158705,Oil spill,['Environment']
Environmental impact of the oil shale industry,12322101,Environmental impact of the oil shale industry,['Environment']
Fukushima-Daiichi,11986472,Fukushima-Daiichi,['Environment']
Global warming,5042951,Global warming,['Environment']
Global cooling,295445,Global cooling,['Environment']
Hydraulic fracturing,32544339,Hydraulic fracturing,['Environment']
Hydraulic fracturing by country,35039706,Hydraulic fracturing by country,['Environment']
Hydraulic fracturing in the United States,8798949,Hydraulic fracturing in the United States,['Environment']
Hydrogen Bomb,2269463,Hydrogen Bomb,['Environment']
Atomic Bomb,21785,Atomic Bomb,['Environment']
An Inconvenient Truth,4097799,An Inconvenient Truth,['Environment']
Climate change,5042951,Climate change,['Environment']
Mercury poisoning,344287,Mercury poisoning,['Environment']
Minamata disease,312170,Minamata disease,['Environment']
Mining,20381,Mining,['Environment']
Deep sea mining,10431114,Deep sea mining,['Environment']
Nuclear power,22153,Nuclear power,"['Environment', 'Technology']"
Wind farm,-1669735147553158116,Wind farm,['Environment']
Oil drilling,198570,Oil drilling,['Environment']
ANWR,82065,ANWR,['Environment']
Alaska,624,Alaska,['Environment']
Alaska North Slope,500309,Alaska North Slope,['Environment']
Population explosion,20041526,Population explosion,['Environment']
Ozone depletion,44183,Ozone depletion,['Environment']
Ozone hole,44183,Ozone hole,['Environment']
Pollution,24872,Pollution,['Environment']
Recycling,70157,Recycling,['Environment']
Sea level rise,21171721,Sea level rise,['Environment']
Three Gorges Dam,65192,Three Gorges Dam,['Environment']
Hydroelectric,381399,Hydroelectric,['Environment']
Water shortage,48271460662452048,Water shortage,['Environment']
Drought,37335,Drought,['Environment']
Flood,50482,Flood,['Environment']
Toxic waste,216188,Toxic waste,['Environment']
Love Canal,384676,Love Canal,['Environment']
Volkswagen emissions scandal,3153145660166168848,Volkswagen emissions scandal,['Environment']
Weather modification,-5210437672803103230,Weather modification,['Environment']
Crime,5785,Crime,['Law and order']
Double jeopardy,7941,Double jeopardy,['Law and order']
Illegal drugs,51036,Illegal drugs,['Law and order']
Judicial system,59564,Judicial system,['Law and order']
Jury duty,5507411,Jury duty,['Law and order']
Law enforcement,18486,Law enforcement,['Law and order']
Juvenile,171233,Juvenile,['Law and order']
Teenager,83859,Teenager,['Law and order']
Postal code,51549,Postal code,['Law and order']
Prison,19008450,Prison,['Law and order']
Selective Service,466454,Selective Service,['Law and order']
Military draft,5735,Military draft,['Law and order']
Tax,30297,Tax,['Law and order']
Internal Revenue Service,23430752,Internal Revenue Service,['Law and order']
Afrikaans,2162,Afrikaans,['Languages']
Afrikaners,18947965,Afrikaners,['Languages']
South Africa,17416221,South Africa,['Languages']
Ancient Macedonian language,1630179,Ancient Macedonian language,['Languages']
Aramaic,2303,Aramaic,['Languages']
Balto-Slavic languages,867145,Balto-Slavic languages,['Languages']
Basque language,3738,Basque language,['Languages']
Bilingualism in Canada,1555010,Bilingualism in Canada,['Languages']
Celtic Revival,553050,Celtic Revival,['Languages']
Celtic languages,5920,Celtic languages,['Languages']
Brittany,38748,Brittany,['Languages']
Chinese language,5751,Chinese language,['Languages']
Creole language,49823,Creole language,['Languages']
Filipino language,236489,Filipino language,['Languages']
Tagalog language,31438,Tagalog language,['Languages']
French language in Canada,1385923,French language in Canada,['Languages']
Graeco-Armenian,4321115,Graeco-Armenian,['Languages']
Discrimination,8900,Discrimination,['Languages']
Indo-European,14848,Indo-European,['Languages']
Japanese language,15606,Japanese language,['Languages']
Korean language,16756,Korean language,['Languages']
Ladin language,45870,Ladin language,['Languages']
Language revival,577320,Language revival,['Languages']
Linguistics,22760983,Linguistics,['Languages']
Macedonian language,19037,Macedonian language,['Languages']
Norwegian language,21704,Norwegian language,['Languages']
Occitan language,22292,Occitan language,['Languages']
Occitania,1149357,Occitania,['Languages']
Vergonha,91519605718611341,Vergonha,['Languages']
Linguicide,1361082,Linguicide,['Languages']
Pidgin English,7518210,Pidgin English,['Languages']
Pig Latin,22973,Pig Latin,['Languages']
Eshay,65678711,Eshay,"['Languages', 'Media and culture', 'Media and culture']"
Riksmål,444216,Riksmål,['Languages']
Sapir-Whorf Hypothesis,26915,Sapir-Whorf Hypothesis,['Languages']
Sami language,23409759,Sami language,['Languages']
Sami people,27122,Sami people,['Languages']
Spanish in the United States,189109,Spanish in the United States,['Languages']
Turanism,1182836,Turanism,['Languages']
Turkic languages,30018,Turkic languages,['Languages']
Welsh language,-8204863526056934592,Welsh language,['Languages']
Yiddish language,6064359895848906135,Yiddish language,['Languages']
Meaning of life,20347,Meaning of life,['Philosophy']
Friedrich Nietzsche,10671,Friedrich Nietzsche,['Philosophy']
Plato,22954,Plato,['Philosophy']
Scientific method,26833,Scientific method,['Philosophy']
Socrates,25664190,Socrates,['Philosophy']
Truth,29920,Truth,['Philosophy']
Sigmund Freud,26743,Sigmund Freud,['Psychiatry']
Carl Jung,42031,Carl Jung,['Psychiatry']
Phil McGraw,253413,Phil McGraw,['Psychiatry']
Thomas Szasz,58397,Thomas Szasz,['Psychiatry']
Mahmoud Ahmadinejad,7907317,Mahmoud Ahmadinejad,['People']
Muhammad Ali,63747,Muhammad Ali,['People']
Kirstie Alley,327664,Kirstie Alley,['People']
Idi Amin,70842,Idi Amin,['People']
Criss Angel,2279619,Criss Angel,['People']
Yasser Arafat,-6095081905659405294,Yasser Arafat,['People']
Jodi Arias,38100116,Jodi Arias,['People']
Joe Arpaio,6260914,Joe Arpaio,['People']
Bashar al-Assad,364813,Bashar al-Assad,['People']
Julian Assange,26033941,Julian Assange,['People']
Hans Asperger,19389318,Hans Asperger,['People']
Mustafa Kemal Atatürk,1329090,Mustafa Kemal Atatürk,['People']
Gilad Atzmon,2008784,Gilad Atzmon,['People']
Michelle Bachelet,986814,Michelle Bachelet,['People']
Michele Bachmann,2064489,Michele Bachmann,['People']
Brigitte Bardot,3845,Brigitte Bardot,['People']
Roseanne Barr,93791,Roseanne Barr,['People']
Glenn Beck,418944,Glenn Beck,['People']
David Beckham,8618,David Beckham,['People']
Beyonce,83688,Beyonce,['People']
Joy Behar,1641893,Joy Behar,['People']
Silvio Berlusconi,26909,Silvio Berlusconi,['People']
Art Bell,309935,Art Bell,['People']
Conspiracy theories,5530,Conspiracy theories,['People']
Bruno Bettelheim,639800,Bruno Bettelheim,['People']
Joe Biden,145422,Joe Biden,['People']
Tony Blair,3301347,Tony Blair,['People']
Hans Blix,155160,Hans Blix,['People']
Christoph Blocher,345597,Christoph Blocher,['People']
Swiss Federal Council,218299,Swiss Federal Council,['People']
Barry Bonds,4375,Barry Bonds,"['People', 'Sports']"
BALCO,879858,BALCO,['People']
Major League Baseball,38776,Major League Baseball,['People']
Jose Canseco,175552,Jose Canseco,['People']
Mark McGwire,20548,Mark McGwire,"['People', 'Sports']"
Alex Rodriguez,212472,Alex Rodriguez,"['People', 'People']"
Bonnie and Clyde,68244,Bonnie and Clyde,['People']
Ruđer Bošković,23747676,Ruđer Bošković,['People']
John and Lorena Bobbitt,25011929,John and Lorena Bobbitt,['People']
Marital rape,875547,Marital rape,['People']
Leonid Brezhnev,50151,Leonid Brezhnev,['People']
Chris Brown,2627820,Chris Brown,['People']
Rihanna,2110323,Rihanna,['People']
Jerry Brown,175220,Jerry Brown,['People']
Anita Bryant,331538,Anita Bryant,['People']
Kobe Bryant,246185,Kobe Bryant,['People']
Pat Buchanan,168890,Pat Buchanan,['People']
Ted Bundy,143377,Ted Bundy,['People']
Jeb Bush,189322,Jeb Bush,['People']
Richard Girnt Butler,957537,Richard Girnt Butler,['People']
Aryan Nations,51669,Aryan Nations,['People']
Caligula,6852,Caligula,['People']
George Carlin,158879,George Carlin,['People']
Jimmy Carter,15992,Jimmy Carter,['People']
Fidel Castro,38301,Fidel Castro,['People']
Raúl Castro,221749,Raúl Castro,['People']
Cesar Chavez,68319,Cesar Chavez,['People']
Hugo Chávez,48874,Hugo Chávez,['People']
Dave Chappelle,339365,Dave Chappelle,['People']
Dick Cheney,5058628,Dick Cheney,['People']
Halliburton,203237,Halliburton,['People']
Cher,80696,Cher,['People']
Sonny Bono,27655,Sonny Bono,['People']
Mary Bono Mack,409691,Mary Bono Mack,['People']
Jacques Chirac,39764,Jacques Chirac,['People']
Margaret Cho,89662,Margaret Cho,['People']
Seung-Hui Cho,10733176,Seung-Hui Cho,['People']
Virginia Tech,4685161031437678749,Virginia Tech,['People']
Noam Chomsky,21566,Noam Chomsky,['People']
Chris Christie,5847204,Chris Christie,['People']
Ward Churchill,3114257135233782967,Ward Churchill,['People']
Bill Clinton,3356,Bill Clinton,['People']
Hillary Rodham Clinton,5043192,Hillary Rodham Clinton,['People']
Kurt Cobain,16707,Kurt Cobain,['People']
Sacha Baron Cohen,45218,Sacha Baron Cohen,['People']
Ali G,45214,Ali G,['People']
Borat Sagdiyev,924757,Borat Sagdiyev,['People']
Brüno,17997162,Brüno,['People']
Christopher Columbus,5635,Christopher Columbus,['People']
Sean Combs,152447,Sean Combs,['People']
Nicolaus Copernicus,323592,Nicolaus Copernicus,['People']
Stephen Colbert,335195,Stephen Colbert,['People']
Jon Corzine,335077,Jon Corzine,['People']
Ann Coulter,205522,Ann Coulter,['People']
Tom Cruise,31460,Tom Cruise,['People']
Miley Cyrus,8135890,Miley Cyrus,['People']
Salvador Dalí,40112,Salvador Dalí,['People']
Jeffrey Dahmer,16218,Jeffrey Dahmer,['People']
Angela Davis,48522,Angela Davis,['People']
Richard Dawkins,25867,Richard Dawkins,['People']
Ellen DeGeneres,18307757,Ellen DeGeneres,['People']
Paula Deen,1587917,Paula Deen,['People']
Hassan Diab,37966185,Hassan Diab,['People']
1980 Paris synagogue bombing,20764470,1980 Paris synagogue bombing,['People']
Andrew Dice Clay,432972,Andrew Dice Clay,['People']
Dixie Chicks,11040148,Dixie Chicks,['People']
Walt Disney,-4485196371663571411,Walt Disney,['People']
Phil Donahue,273444,Phil Donahue,['People']
19 Kids and Counting,19767582,19 Kids and Counting,['People']
David Duke,456252,David Duke,['People']
Andrea Dworkin,22320587,Andrea Dworkin,['People']
John Edwards,166163,John Edwards,['People']
Marc Emery,978525,Marc Emery,['People']
Eminem,4429395,Eminem,['People']
PewDiePie,37259045,PewDiePie,['People']
Jeffrey Epstein,6253522,Jeffrey Epstein,['People']
Pablo Escobar,161570,Pablo Escobar,['People']
Jerry Falwell,16504,Jerry Falwell,['People']
Melissa Farley,23943124,Melissa Farley,['People']
Carly Fiorina,537968,Carly Fiorina,['People']
Gerald Ford,5030380,Gerald Ford,['People']
George Floyd,64133269,George Floyd,['People']
Henry Ford,13371,Henry Ford,['People']
Christopher Reeve,73626,Christopher Reeve,['People']
Al Franken,251879,Al Franken,['People']
Kenny G,644622,Kenny G,['People']
Muammar Gaddafi,53029,Muammar Gaddafi,['People']
William Gaillard,442863582055052196,William Gaillard,['People']
Galileo,29688374,Galileo,['People']
Janeane Garofalo,23819805,Janeane Garofalo,['People']
Charles de Gaulle,51255,Charles de Gaulle,['People']
Ricky Gervais,163282,Ricky Gervais,['People']
Mel Gibson,44219,Mel Gibson,['People']
Kathie Lee Gifford,343858,Kathie Lee Gifford,['People']
Sweatshop,102075,Sweatshop,['People']
Frank Gifford,445861,Frank Gifford,['People']
Comedy,20914042,Comedy,['People']
Newt Gingrich,179187,Newt Gingrich,['People']
Girls Aloud,594388,Girls Aloud,['People']
Rudy Giuliani,25938,Rudy Giuliani,['People']
Nancy Grace,11481790,Nancy Grace,['People']
Wayne Gretzky,-7090634346235688851,Wayne Gretzky,['People']
Janet Jones,1840589,Janet Jones,['People']
Joseph Goebbels,15777,Joseph Goebbels,['People']
Whoopi Goldberg,-4535395858375186981,Whoopi Goldberg,['People']
Barry Goldwater,4792,Barry Goldwater,['People']
Mikhail Gorbachev,20979,Mikhail Gorbachev,['People']
Al Gore,5042706,Al Gore,['People']
Temple Grandin,169496,Temple Grandin,['People']
Alan Greenspan,161947,Alan Greenspan,['People']
Woody Guthrie,-1597301411993752102,Woody Guthrie,['People']
Guns N' Roses,2773076,Guns N' Roses,['People']
Axl Rose,150056,Axl Rose,['People']
Ferenc Gyurcsány,945404,Ferenc Gyurcsány,['People']
Ted Haggard,1151958,Ted Haggard,['People']
Tarja Halonen,30797,Tarja Halonen,['People']
Ken Ham,198081,Ken Ham,['People']
Young Earth creationism,7107230975629589299,Young Earth creationism,"['People', 'People']"
Sean Hannity,317383,Sean Hannity,['People']
Jesse Helms,133250,Jesse Helms,['People']
Phil Hendrie,416366,Phil Hendrie,['People']
Patty Hearst,65173,Patty Hearst,['People']
Symbionese Liberation Army,28642,Symbionese Liberation Army,['People']
Hideki Tojo,38873148,Hideki Tojo,['People']
Kamala Harris,3120522,Kamala Harris,['People']
Paris Hilton,11217925,Paris Hilton,['People']
Anita Hill,2314,Anita Hill,['People']
Clarence Thomas,28291766,Clarence Thomas,['People']
Heinrich Himmler,13436,Heinrich Himmler,['People']
Emperor Hirohito,10287,Emperor Hirohito,['People']
Christopher Hitchens,228998,Christopher Hitchens,['People']
Holocaust,10396793,Holocaust,['People']
Roma people,26152,Roma people,['People']
Slavs,29440,Slavs,['People']
Erich Honecker,39768,Erich Honecker,['People']
Jimmy Hoffa,255722,Jimmy Hoffa,['People']
Kidnapping,169376,Kidnapping,['People']
Katie Hopkins,11366634,Katie Hopkins,['People']
John Howard,4689709,John Howard,['People']
Mike Huckabee,301237,Mike Huckabee,['People']
Rock Hudson,161466,Rock Hudson,['People']
Saddam Hussein,29490,Saddam Hussein,['People']
Yusuf Islam,1849401677930934235,Yusuf Islam,['People']
Andrew Jackson,1623,Andrew Jackson,['People']
Jesse Jackson,18603579,Jesse Jackson,['People']
Michael Jackson,14995351,Michael Jackson,['People']
Jay-Z,162870,Jay-Z,['People']
Thomas Jefferson,29922,Thomas Jefferson,['People']
Sheila Jeffreys,5594647,Sheila Jeffreys,['People']
Caitlyn Jenner,773158,Caitlyn Jenner,['People']
Elton John,5052197,Elton John,['People']
Magic Johnson,36753,Magic Johnson,['People']
Angelina Jolie,5792809,Angelina Jolie,['People']
Brad Pitt,44849,Brad Pitt,['People']
Alex Jones,358934,Alex Jones,['People']
Jenny Jones,426325,Jenny Jones,['People']
Michael Jordan,20455,Michael Jordan,['People']
Ted Kennedy,184136,Ted Kennedy,['People']
Jacqueline Kennedy Onassis,64372,Jacqueline Kennedy Onassis,['People']
Aristotle Onassis,155033,Aristotle Onassis,['People']
Colin Kaepernick,13886661,Colin Kaepernick,['People']
Kim Kardashian,19394613,Kim Kardashian,['People']
Andy Kaufman,99881,Andy Kaufman,['People']
John Kerry,5122699,John Kerry,['People']
Khomeini,26232,Khomeini,['People']
Nikita Khrushchev,42558,Nikita Khrushchev,['People']
Kim Il Sung,19718837,Kim Il Sung,['People']
Kim Jong Il,154099,Kim Jong Il,['People']
Kim Jong-Un,5962511,Kim Jong-Un,['People']
Rodney King,168601,Rodney King,['People']
Pia Kjærsgaard,199823,Pia Kjærsgaard,['People']
Polly Klaas,460821,Polly Klaas,['People']
Shosei Koda,1130664,Shosei Koda,['People']
Junichiro Koizumi,49544,Junichiro Koizumi,['People']
Chris Kyle,34271398,Chris Kyle,['People']
Navy SEAL,38188,Navy SEAL,['People']
Lady Gaga,17782843,Lady Gaga,['People']
Ricki Lake,250943,Ricki Lake,['People']
Lyndon LaRouche,229257,Lyndon LaRouche,['People']
Carlos Latuff,685631,Carlos Latuff,['People']
Norman Lear,173540,Norman Lear,['People']
Jean-Marie Le Pen,49955,Jean-Marie Le Pen,['People']
Marine Le Pen,572897,Marine Le Pen,['People']
Heath Ledger,17173785,Heath Ledger,['People']
Vladimir Lenin,-5261192272701648637,Vladimir Lenin,['People']
John Lennon,15852,John Lennon,['People']
Lewis Libby,9910441,Lewis Libby,['People']
Lil Wayne,168540,Lil Wayne,['People']
Rush Limbaugh,25427,Rush Limbaugh,['People']
Abraham Lincoln,307,Abraham Lincoln,['People']
American Civil War,863,American Civil War,['People']
Jennifer Lopez,16175,Jennifer Lopez,['People']
Lil B,29206360,Lil B,['People']
Trent Lott,157873,Trent Lott,['People']
Courtney Love,5655,Courtney Love,['People']
Martin Luther,7567080,Martin Luther,['People']
Catharine MacKinnon,678255,Catharine MacKinnon,['People']
Winnie Madikizela-Mandela,-1480209476728182500,Winnie Madikizela-Mandela,['People']
Bernie Madoff,20650188,Bernie Madoff,['People']
John Major,15898,John Major,['People']
Nelson Mandela,21492751,Nelson Mandela,['People']
Charles Manson,42635,Charles Manson,['People']
Marilyn Manson,650426,Marilyn Manson,['People']
Mao Zedong,19527,Mao Zedong,['People']
Ferdinand Marcos,142721,Ferdinand Marcos,['People']
Imelda Marcos,294934,Imelda Marcos,['People']
Bongbong Marcos,572460,Bongbong Marcos,['People']
Rachel Marsden,15181647,Rachel Marsden,['People']
Karl Marx,16743,Karl Marx,['People']
Jackie Mason,308131,Jackie Mason,['People']
John Mayer,212187,John Mayer,['People']
John McCain,43715,John McCain,['People']
Paul McCartney,13736167,Paul McCartney,['People']
Domestic abuse,18978563,Domestic abuse,['People']
Jenny McCarthy,11494260,Jenny McCarthy,['People']
Steve McNair,640689,Steve McNair,['People']
Timothy McVeigh,31535,Timothy McVeigh,['People']
Dmitry Anatolyevich Medvedev,3162905,Dmitry Anatolyevich Medvedev,['People']
Golda Meir,66578,Golda Meir,['People']
Carlos Mencia,2184033,Carlos Mencia,['People']
Angela Merkel,72671,Angela Merkel,['People']
Freddie Mercury,42068,Freddie Mercury,['People']
Harvey Milk,195306,Harvey Milk,['People']
Kenji Miyazawa,186589,Kenji Miyazawa,['People']
Demi Moore,187807,Demi Moore,['People']
Ashton Kutcher,274539,Ashton Kutcher,['People']
Michael Moore,74461,Michael Moore,['People']
The Genesis Flood,1397993,The Genesis Flood,['People']
Jim Morrison,15135713,Jim Morrison,['People']
Mother Teresa,347105,Mother Teresa,['People']
MrBeast,58920328,MrBeast,['People']
Elon Musk,909036,Elon Musk,['People']
Benito Mussolini,19283178,Benito Mussolini,['People']
Napoleon,69880,Napoleon,['People']
Nero,21632,Nero,['People']
Olivia Newton-John,53257,Olivia Newton-John,['People']
Richard Nixon,25473,Richard Nixon,['People']
Rosie O'Donnell,44205,Rosie O'Donnell,['People']
Gregg Hughes,4851478,Gregg Hughes,['People']
Anthony Cumia,4577283,Anthony Cumia,['People']
Opie and Anthony,2787862,Opie and Anthony,['People']
Barack Obama,534366,Barack Obama,['People']
Keith Olbermann,273437,Keith Olbermann,['People']
Ozzy Osbourne,85406,Ozzy Osbourne,['People']
Donny Osmond,726651,Donny Osmond,['People']
Marie Osmond,728775,Marie Osmond,['People']
Terrell Owens,428819,Terrell Owens,['People']
Sarah Palin,2941511,Sarah Palin,['People']
Nancy Pelosi,147301,Nancy Pelosi,['People']
Katy Perry,16477368,Katy Perry,['People']
Juan Perón,23486968,Juan Perón,['People']
Eva Perón,51584,Eva Perón,['People']
Scott Peterson,1163228,Scott Peterson,['People']
Augusto Pinochet,18933396,Augusto Pinochet,['People']
Valerie Plame,1987194027135195544,Valerie Plame,['People']
Nicole Polizzi,25529159,Nicole Polizzi,['People']
Jersey Shore,442163,Jersey Shore,['People']
Stereotype,18956166,Stereotype,['People']
Pope Benedict XVI,39660,Pope Benedict XVI,['People']
Pope John Paul II,23805,Pope John Paul II,['People']
Pope Pius XII,23808,Pope Pius XII,['People']
Elvis Presley,9288,Elvis Presley,['People']
Prince,51511,Prince,['People']
Prince Charles,125248,Prince Charles,['People']
Princess Diana,24095,Princess Diana,['People']
Prince Harry,14457,Prince Harry,['People']
Prince William,72201,Prince William,['People']
Princess Kate,1677192,Princess Kate,['People']
Pol Pot,24326,Pol Pot,['People']
Richard Pryor,231156,Richard Pryor,['People']
Vladimir Putin,-509582526999194525,Vladimir Putin,['People']
Ray Rice,7627929,Ray Rice,['People']
Richard Ramirez,32296110,Richard Ramirez,['People']
JonBenét Ramsey,168926,JonBenét Ramsey,['People']
Ronald Reagan,25433,Ronald Reagan,['People']
Janet Reno,16099,Janet Reno,['People']
Michèle Renouf,3138569,Michèle Renouf,['People']
Condoleezza Rice,158177,Condoleezza Rice,['People']
Michael Richards,104998,Michael Richards,['People']
Laugh Factory,2680715,Laugh Factory,['People']
Yvonne Ridley,-6386764338730878016,Yvonne Ridley,['People']
Alberto Rivera,51017119,Alberto Rivera,['People']
Geraldo Rivera,156507,Geraldo Rivera,['People']
Michael Roach,1801949,Michael Roach,['People']
Oral Roberts,268869,Oral Roberts,['People']
Pat Robertson,49908,Pat Robertson,['People']
Phil Robertson,39609876,Phil Robertson,['People']
John Rocker,657205,John Rocker,['People']
Sports Illustrated,148956,Sports Illustrated,['People']
Kid Rock,17396,Kid Rock,['People']
Romário,615807,Romário,['People']
Mitt Romney,426208,Mitt Romney,['People']
Linda Ronstadt,160760,Linda Ronstadt,['People']
Franklin Delano Roosevelt,10979,Franklin Delano Roosevelt,['People']
Theodore Roosevelt,30535,Theodore Roosevelt,['People']
Ben Roethlisberger,699349,Ben Roethlisberger,['People']
Pete Rose,52970,Pete Rose,"['People', 'Sports']"
Karl Rove,19329135,Karl Rove,['People']
Babe Ruth,4173,Babe Ruth,['People']
Donald Rumsfeld,8629,Donald Rumsfeld,['People']
Bobby Sands,27417455,Bobby Sands,['People']
Nicolas Sarkozy,557007,Nicolas Sarkozy,['People']
Linda Sarsour,50106813,Linda Sarsour,['People']
Michael Savage,9492386,Michael Savage,['People']
Terri Schiavo case,670910,Terri Schiavo case,['People']
Gerhard Schröder,23306893,Gerhard Schröder,['People']
Arnold Schwarzenegger,1806,Arnold Schwarzenegger,['People']
California,5407,California,['People']
Teofilo Vargas Sein,1056144,Teofilo Vargas Sein,['People']
Selena,69795,Selena,['People']
William Shakespeare,8184271278319003845,William Shakespeare,['People']
Shakespeare authorship question,31635665,Shakespeare authorship question,['People']
Tupac Shakur,31341,Tupac Shakur,['People']
Al Sharpton,166702,Al Sharpton,['People']
Charlie Sheen,278119,Charlie Sheen,['People']
Matthew Shepard,96484,Matthew Shepard,['People']
Sherlock Holmes,27159,Sherlock Holmes,['People']
Anna Nicole Smith,68335,Anna Nicole Smith,['People']
Joseph Smith,32387701,Joseph Smith,['People']
Edward Snowden,39626432,Edward Snowden,['People']
Sonia Sotomayor,2095829,Sonia Sotomayor,['People']
Snoop Dogg,88923,Snoop Dogg,['People']
Britney Spears,3382,Britney Spears,['People']
Kevin Federline,752553,Kevin Federline,['People']
Spice Girls,28480,Spice Girls,['People']
Jerry Springer,21207345,Jerry Springer,['People']
Joseph Stalin,15641,Joseph Stalin,['People']
Gloria Steinem,299078,Gloria Steinem,['People']
Erika Steinbach,399615,Erika Steinbach,['People']
Howard Stern,113348,Howard Stern,['People']
Shock jock,189909,Shock jock,['People']
Jon Stewart,235888,Jon Stewart,['People']
John Stossel,291592,John Stossel,['People']
Barbra Streisand,72336,Barbra Streisand,['People']
Jimmy Swaggart,186639,Jimmy Swaggart,['People']
Taylor Swift,5422144,Taylor Swift,['People']
Tim Tebow,18582416,Tim Tebow,['People']
Serb,59512,Serb,['People']
Croat,69801,Croat,['People']
Margaret Thatcher,19831,Margaret Thatcher,['People']
Justin Trudeau,451733,Justin Trudeau,['People']
Pierre Trudeau,24507,Pierre Trudeau,['People']
Harry Truman,3418303,Harry Truman,['People']
Donald Trump,4848272,Donald Trump,['People']
President of the United States,24113,President of the United States,['People']
Ted Turner,30475,Ted Turner,['People']
Mike Tyson,39027,Mike Tyson,['People']
U2,52780,U2,['People']
Joran van der Sloot,2263372,Joran van der Sloot,['People']
Michael Vick,428979,Michael Vick,['People']
Varg Vikernes,9204282824197369000,Varg Vikernes,['People']
Barbara Walters,335069,Barbara Walters,['People']
John Walsh,6463214,John Walsh,['People']
Murder of Adam Walsh,347084,Murder of Adam Walsh,['People']
Andy Warhol,864,Andy Warhol,['People']
Kanye West,523032,Kanye West,['People']
Ruth Westheimer,242570,Ruth Westheimer,['People']
Brian Williams,8269855,Brian Williams,['People']
Woodrow Wilson,4670083709226089356,Woodrow Wilson,['People']
Oprah Winfrey,20395872,Oprah Winfrey,['People']
Tiger Woods,43356,Tiger Woods,['People']
Malcolm X,20796,Malcolm X,['People']
Xi Jinping,838913614275096175,Xi Jinping,['People']
Andrea Yates,315087,Andrea Yates,['People']
Post-natal depression,175357,Post-natal depression,['People']
Boris Yeltsin,23278520,Boris Yeltsin,['People']
Yoko Ono,-6506212675945173507,Yoko Ono,['People']
The Beatles,29812,The Beatles,['People']
Zinedine Zidane,-3914785792232738808,Zinedine Zidane,['People']
George Zimmerman,35075784,George Zimmerman,['People']
Trayvon Martin,35152422,Trayvon Martin,['People']
Jacob Zuma,1103138,Jacob Zuma,['People']
Jarnail Singh Bhindranwale,441747,Jarnail Singh Bhindranwale,['People']
BitTorrent,239098,BitTorrent,['Technology']
Blu-ray Disc,11015826,Blu-ray Disc,['Technology']
Criticism of Microsoft,709683,Criticism of Microsoft,['Technology']
Criticism of Windows Vista,7339782,Criticism of Windows Vista,['Technology']
Criticism of Google,9874319,Criticism of Google,['Technology']
Cryptocurrency,36662188,Cryptocurrency,['Technology']
Console wars,65279162,Console wars,['Technology']
Cyberstalking,19005719,Cyberstalking,['Technology']
Digital rights management,18938226,Digital rights management,['Technology']
Electric car,16105186,Electric car,['Technology']
Electronic voting,371301,Electronic voting,['Technology']
Facebook,7529378,Facebook,"['Technology', 'Media and culture']"
Factory farming,11469677,Factory farming,['Technology']
File sharing,18949797,File sharing,['Technology']
Ford Pinto,146978,Ford Pinto,['Technology']
Han unification,187273,Han unification,['Technology']
HD DVD,11065091,HD DVD,['Technology']
Holography,66338,Holography,['Technology']
Indent style,294545,Indent style,['Technology']
Myspace,1270655,Myspace,['Technology']
Napster,21113,Napster,['Technology']
Net neutrality,1398166,Net neutrality,['Technology']
Norton AntiVirus,1067062,Norton AntiVirus,['Technology']
Object-oriented programming,27471338,Object-oriented programming,['Technology']
Peer-to-peer file sharing,4279208,Peer-to-peer file sharing,['Technology']
Removal of Internet Explorer,1544191,Removal of Internet Explorer,['Technology']
Smart meter,3895745,Smart meter,['Technology']
Solar power,13690575,Solar power,['Technology']
Standardization of Office Open XML,16146360,Standardization of Office Open XML,['Technology']
The Pirate Bay,1923870,The Pirate Bay,['Technology']
Unmanned combat air vehicle,-6106063142588742758,Unmanned combat air vehicle,['Technology']
Windows Vista,6934399634119779968,Windows Vista,['Technology']
2b2t,61738453,2b2t,['Media and culture']
4chan,12561015,4chan,['Media and culture']
9gag,33933496,9gag,['Media and culture']
Reddit,3829005,Reddit,['Media and culture']
Anime,800,Anime,['Media and culture']
Beavis and Butt-head,3427,Beavis and Butt-head,['Media and culture']
Black Entertainment Television,244098,Black Entertainment Television,['Media and culture']
Black Metal,4874,Black Metal,['Media and culture']
Borat,5574594,Borat,['Media and culture']
Bumbag,1928807,Bumbag,['Media and culture']
Cancel culture,59536330,Cancel culture,['Media and culture']
CCTV,87179,CCTV,['Media and culture']
Cable News,1720678,Cable News,['Media and culture']
MSNBC,159846,MSNBC,['Media and culture']
Fox News Channel,11121,Fox News Channel,['Media and culture']
BBC,19344654,BBC,['Media and culture']
Al Jazeera,48370461,Al Jazeera,['Media and culture']
Censorship,17253537,Censorship,['Media and culture']
Chinese television,15147453,Chinese television,['Media and culture']
Da Vinci Code,5043452,Da Vinci Code,['Media and culture']
Digimon,8835,Digimon,['Media and culture']
Pokémon,23745,Pokémon,['Media and culture']
Digital television,8271,Digital television,['Media and culture']
Disco,7966,Disco,['Media and culture']
Drawn Together,1112855,Drawn Together,['Media and culture']
Emo,100627,Emo,['Media and culture']
European culture,1256013,European culture,['Media and culture']
Family Guy,187586,Family Guy,['Media and culture']
Federal Communications Commission,55974,Federal Communications Commission,['Media and culture']
Furry subculture,86967,Furry subculture,['Media and culture']
Game of Thrones,20715044,Game of Thrones,['Media and culture']
Gatorade,222700,Gatorade,['Media and culture']
Bong,38314,Bong,['Media and culture']
Gay culture,754804,Gay culture,['Media and culture']
Google,1092923,Google,['Media and culture']
Goth subculture,12905,Goth subculture,['Media and culture']
Harry Potter,2387806,Harry Potter,['Media and culture']
Hard rock,124802,Hard rock,['Media and culture']
Heavy metal music,13869,Heavy metal music,['Media and culture']
Misogyny,19168,Misogyny,['Media and culture']
Satan,27694,Satan,['Media and culture']
Hippie,47646,Hippie,['Media and culture']
Ima Korean,33100844,Ima Korean,['Media and culture']
The Innocence of Muslims,36991870,The Innocence of Muslims,['Media and culture']
Internet forum,294813,Internet forum,['Media and culture']
Trolling,14594,Trolling,['Media and culture']
Cyberbullying,32492747,Cyberbullying,['Media and culture']
Hate speech,14233,Hate speech,['Media and culture']
KFC,37404,KFC,['Media and culture']
MADtv,414890,MADtv,['Media and culture']
The Marshall Mathers LP,151497,The Marshall Mathers LP,['Media and culture']
Media bias,18932,Media bias,['Media and culture']
Me Too movement,55551931,Me Too movement,['Media and culture']
Murphy Brown,493657,Murphy Brown,['Media and culture']
Music Television,18856,Music Television,['Media and culture']
Netiquette,30072373,Netiquette,['Media and culture']
Nike Air Max,2452974,Nike Air Max,['Media and culture']
Shoe fetishism,208892,Shoe fetishism,['Media and culture']
PAW Patrol,43745773,PAW Patrol,['Media and culture']
Pentagon Papers,230025,Pentagon Papers,['Media and culture']
The New York Times,30680,The New York Times,['Media and culture']
PewDiePie videography,59572667,PewDiePie videography,['Media and culture']
Punk rock,23037,Punk rock,['Media and culture']
Rap God,40794322,Rap God,['Media and culture']
Rap,25421,Rap,['Media and culture']
Hip-hop,18945847,Hip-hop,['Media and culture']
Rave,43488,Rave,['Media and culture']
Rave culture,43488,Rave culture,['Media and culture']
Rucka Rucka Ali,30031019,Rucka Rucka Ali,['Media and culture']
Sailor Moon,27931,Sailor Moon,['Media and culture']
LGBT,66936,LGBT,['Media and culture']
Sailor Mouth,2370677,Sailor Mouth,['Media and culture']
Saturday Night Live,763013,Saturday Night Live,['Media and culture']
Sifl and Olly,384706,Sifl and Olly,['Media and culture']
The Simpsons,29838,The Simpsons,['Media and culture']
Sirius XM Radio,9603757,Sirius XM Radio,['Media and culture']
SpongeBob Squarepants,2655089,SpongeBob Squarepants,['Media and culture']
South Park,27977,South Park,['Media and culture']
South Park controversies,11327862,South Park controversies,['Media and culture']
Star Trek,17157886,Star Trek,['Media and culture']
Star Wars,26678,Star Wars,['Media and culture']
Steven Universe,38466392,Steven Universe,['Media and culture']
Telemundo,10839777,Telemundo,['Media and culture']
Univision,5322247939717791189,Univision,['Media and culture']
Talk radio,30077,Talk radio,['Media and culture']
Free speech,21401843,Free speech,['Media and culture']
Time Warner,83045,Time Warner,['Media and culture']
Viacom,-2171621052254220630,Viacom,['Media and culture']
TikTok,56822861,TikTok,['Media and culture']
Trinity Broadcasting Network,348486,Trinity Broadcasting Network,['Media and culture']
Televangelists,149014,Televangelists,['Media and culture']
Twitter,9988187,Twitter,['Media and culture']
Americana,4449129,Americana,['Media and culture']
Virgin Records,-8047306178819600454,Virgin Records,['Media and culture']
The Walt Disney Company,37398,The Walt Disney Company,['Media and culture']
Wikipedia,335901244666265770,Wikipedia,['Media and culture']
We TV,-5803660686276428659,We TV,['Media and culture']
WeChat,-8483670126890425887,WeChat,['Media and culture']
World Wide Web,-9128165249435363564,World Wide Web,['Media and culture']
Internet,14539,Internet,['Media and culture']
YouTube,-1070623705009160226,YouTube,['Media and culture']
Yuppie,-1003582385166621491,Yuppie,['Media and culture']
1919 World Series,1332334,1919 World Series,['Sports']
Chicago White Sox,5945,Chicago White Sox,['Sports']
Cincinnati Reds,6671,Cincinnati Reds,['Sports']
MLB,38776,MLB,['Sports']
Esports,564204,Esports,['Sports']
Fantasy sports,10653,Fantasy sports,['Sports']
Golf,19568112,Golf,['Sports']
Hope Solo,8322947,Hope Solo,['Sports']
Jesse Owens,46827,Jesse Owens,['Sports']
Jim Thorpe,53869,Jim Thorpe,['Sports']
Olympics,22576,Olympics,['Sports']
Ryan Lochte,4057953,Ryan Lochte,['Sports']
Student athlete,16844797,Student athlete,['Sports']
Super Bowl XXXVIII,427707,Super Bowl XXXVIII,['Sports']
Janet Jackson Wardrobe Malfunction,498971,Janet Jackson Wardrobe Malfunction,['Sports']
Tonya Harding,48110,Tonya Harding,['Sports']
Larry Nassar,55762330,Larry Nassar,['Sports']
